Untitled,Untitled 1,Untitled 2,Untitled 3,Untitled 4,Untitled 5,Untitled 6,Untitled 7,Untitled 8,Untitled 9,Untitled 10,Untitled 11,Untitled 12,Untitled 13,Untitled 14,Untitled 15,Untitled 16,Untitled 17,Untitled 18
2.47686,0.001004,0.000001,2.47686,-0.102879,3.177131,2.814328,0.001037,0.000001,2.814328,0.289207,3.533971,7.428843,0.002351,0.002351,8.440906,0.002455,0.002455,1
2.47673,0.00102,0.000001,2.47673,-0.026119,2.987732,2.814364,0.00105,0.000001,2.814364,-0.061068,3.035224,7.429254,0.001235,0.001235,8.44215,0.003436,0.003436,1
2.47673,0.001003,0.000001,2.476731,-0.026261,3.343523,2.814461,0.001056,0.000001,2.814461,-0.054606,2.901676,7.429459,0.001405,0.001405,8.443184,0.001877,0.001877,1
2.476812,0.00096,0.000001,2.476812,-0.026348,2.569362,2.814301,0.001063,0.000001,2.814302,0.004626,3.794262,7.431817,0.001587,0.001587,8.441849,0.001251,0.001251,1
2.476782,0.001021,0.000001,2.476782,0.025253,3.002414,2.814356,0.001051,0.000001,2.814356,-0.083095,3.239362,7.432578,0.001847,0.001847,8.439486,0.000813,0.000813,1
2.476814,0.001,0.000001,2.476814,-0.018786,2.78071,2.814432,0.001049,0.000001,2.814432,-0.000579,2.903502,7.429976,0.002622,0.002622,8.442737,0.000719,0.000719,1
2.476806,0.001083,0.000001,2.476806,0.271086,2.995441,2.814274,0.001166,0.000001,2.814274,-0.110275,3.197741,7.429393,0.000487,0.000487,8.443603,0.001414,0.001414,1
2.47682,0.001057,0.000001,2.47682,0.210802,3.03695,2.814353,0.001075,0.000001,2.814354,-0.136276,3.16891,7.434082,0.002422,0.002422,8.443513,0.002028,0.002028,1
2.476775,0.001072,0.000001,2.476775,-0.009067,2.849319,2.814355,0.001061,0.000001,2.814355,0.13436,3.082375,7.433934,0.002403,0.002403,8.441509,0.001486,0.001486,1
2.476808,0.001132,0.000001,2.476808,0.069762,2.821839,2.814387,0.001091,0.000001,2.814388,-0.092367,3.458092,7.432283,0.001825,0.001825,8.441047,0.002194,0.002194,1
2.476716,0.001151,0.000001,2.476717,-0.045359,2.973504,2.814371,0.001108,0.000001,2.814371,0.056956,2.873408,7.427454,0.000771,0.000771,8.4473,0.002653,0.002653,1
2.476795,0.001137,0.000001,2.476795,0.04929,3.024284,2.814284,0.001102,0.000001,2.814285,-0.174279,2.99682,7.431626,0.001291,0.001291,8.438955,0.00258,0.00258,1
2.47678,0.001231,0.000002,2.476781,0.06243,2.975574,2.814401,0.001157,0.000001,2.814402,-0.13151,3.079209,7.431114,0.001022,0.001022,8.43911,0.00274,0.00274,1
2.476767,0.001112,0.000001,2.476767,-0.050681,3.025684,2.814343,0.001035,0.000001,2.814343,-0.116932,3.106828,7.428708,0.002042,0.002042,8.443454,0.00145,0.00145,1
2.476787,0.001051,0.000001,2.476787,0.171419,2.863145,2.814367,0.001097,0.000001,2.814367,0.015527,2.643368,7.429385,0.000936,0.000936,8.446435,0.000974,0.000974,1
2.476808,0.001149,0.000001,2.476809,0.051017,2.855832,2.814352,0.00114,0.000001,2.814352,0.163237,3.236796,7.429963,0.001493,0.001493,8.442604,0.000941,0.000941,1
2.476767,0.001022,0.000001,2.476767,-0.124081,3.022157,2.814341,0.001012,0.000001,2.814341,0.048477,2.979135,7.430017,0.001166,0.001166,8.444326,0.001661,0.001661,1
2.476803,0.001055,0.000001,2.476803,0.031858,3.112976,2.814351,0.001086,0.000001,2.814351,-0.019821,3.059293,7.429101,0.001247,0.001247,8.440418,0.001009,0.001009,1
2.476717,0.001064,0.000001,2.476717,-0.102608,2.6944,2.814306,0.001083,0.000001,2.814306,0.174612,2.847956,7.426261,0.001335,0.001335,8.44288,0.001478,0.001478,1
2.476775,0.001081,0.000001,2.476775,0.101103,3.140823,2.814439,0.001061,0.000001,2.814439,-0.130176,2.862096,7.42876,0.002655,0.002655,8.440665,0.000913,0.000913,1
2.4767,0.001079,0.000001,2.476701,0.240785,2.990231,2.814314,0.0011,0.000001,2.814315,-0.058273,3.040415,7.429044,0.001252,0.001252,8.442053,0.000452,0.000452,1
2.476782,0.001105,0.000001,2.476783,0.126173,3.220171,2.814364,0.001071,0.000001,2.814364,-0.108923,3.211586,7.430666,0.000776,0.000776,8.442587,0.000978,0.000978,1
2.476848,0.001093,0.000001,2.476848,0.085825,2.838978,2.81428,0.001039,0.000001,2.81428,-0.031654,3.715484,7.430407,0.000205,0.000205,8.441167,0.001556,0.001556,1
2.476767,0.00111,0.000001,2.476767,-0.195784,2.885195,2.814319,0.001089,0.000001,2.814319,0.078894,2.803486,7.431291,0.001313,0.001313,8.444355,0.002404,0.002404,1
2.476655,0.001112,0.000001,2.476655,-0.088933,2.743454,2.814305,0.0011,0.000001,2.814305,-0.114604,2.954595,7.431207,0.00171,0.00171,8.439564,0.001461,0.001461,1
2.476827,0.001073,0.000001,2.476827,0.12823,2.928436,2.81439,0.001063,0.000001,2.814391,-0.206023,3.161019,7.4303,0.002398,0.002398,8.444155,0.00253,0.00253,1
2.476851,0.001001,0.000001,2.476851,0.056671,3.165537,2.814225,0.001122,0.000001,2.814225,0.021038,2.996488,7.429456,0.001843,0.001843,8.442194,0.000851,0.000851,1
2.476858,0.001025,0.000001,2.476859,0.088101,3.130125,2.8143,0.001085,0.000001,2.8143,0.010436,2.823474,7.429682,0.000816,0.000816,8.447444,0.000959,0.000959,1
2.476721,0.001055,0.000001,2.476722,-0.01559,3.09692,2.814332,0.001034,0.000001,2.814332,0.023027,2.999665,7.429422,0.002072,0.002072,8.440192,0.000285,0.000285,1
2.476744,0.001094,0.000001,2.476744,0.01887,2.774261,2.814374,0.001096,0.000001,2.814374,0.037787,3.347439,7.427986,0.000309,0.000309,8.445775,0.001189,0.001189,1
2.47672,0.001095,0.000001,2.47672,-0.099502,3.0355,2.814351,0.001108,0.000001,2.814351,0.063246,2.630616,7.432455,0.002415,0.002415,8.442649,0.001486,0.001486,1
2.476811,0.00102,0.000001,2.476812,0.110352,2.827276,2.814228,0.001122,0.000001,2.814228,-0.056027,3.186375,7.432161,0.00061,0.00061,8.443155,0.000963,0.000963,1
2.476779,0.001134,0.000001,2.476779,-0.122405,3.189307,2.814341,0.001142,0.000001,2.814342,0.196797,3.154356,7.428254,0.000699,0.000699,8.443206,0.00289,0.00289,1
2.476685,0.001034,0.000001,2.476685,0.062732,2.623917,2.814326,0.00111,0.000001,2.814326,-0.112483,2.972818,7.429181,0.002211,0.002211,8.444063,0.001296,0.001296,1
2.476787,0.001128,0.000001,2.476788,-0.015008,2.703408,2.814292,0.001124,0.000001,2.814293,-0.024019,3.111387,7.429589,0.002646,0.002646,8.44238,0.002115,0.002115,1
2.476691,0.001167,0.000001,2.476691,0.075838,3.223608,2.814376,0.001113,0.000001,2.814377,-0.135859,2.867663,7.427269,0.001214,0.001214,8.446941,0.001223,0.001223,1
2.476714,0.001247,0.000002,2.476714,0.217801,2.900402,2.814315,0.001149,0.000001,2.814316,-0.012992,2.634643,7.431126,0.001384,0.001384,8.443088,0.003206,0.003206,1
2.476669,0.001271,0.000002,2.476669,0.14036,3.042528,2.814334,0.00119,0.000001,2.814335,0.083431,2.725049,7.432717,0.002003,0.002003,8.442612,0.002771,0.002771,1
2.476735,0.001199,0.000001,2.476735,0.071597,2.555277,2.814293,0.001135,0.000001,2.814293,-0.006256,3.559729,7.430058,0.00154,0.00154,8.439126,0.001325,0.001325,1
2.476706,0.001247,0.000002,2.476707,0.261497,3.3262,2.81428,0.001133,0.000001,2.81428,0.212875,3.339029,7.429224,0.002793,0.002793,8.441991,0.005532,0.005532,1
2.476656,0.001313,0.000002,2.476657,0.174242,2.690892,2.814322,0.001192,0.000001,2.814322,0.126645,2.99033,7.429322,0.001432,0.001432,8.443022,0.001934,0.001934,1
2.476622,0.001399,0.000002,2.476622,0.028307,2.847716,2.814311,0.001205,0.000001,2.814312,0.109403,2.98398,7.431579,0.003232,0.003232,8.445638,0.002822,0.002822,1
2.47672,0.00139,0.000002,2.47672,0.059474,2.896523,2.814213,0.001198,0.000001,2.814214,0.311288,3.699795,7.428026,0.001423,0.001423,8.441599,0.003792,0.003792,1
2.476606,0.00158,0.000002,2.476606,-0.062869,2.510795,2.814247,0.00117,0.000001,2.814248,0.051567,3.070917,7.431091,0.00185,0.00185,8.442078,0.001734,0.001734,1
2.476628,0.001676,0.000003,2.476629,-0.036175,2.451452,2.814336,0.001204,0.000001,2.814337,0.191977,2.943943,7.43077,0.003896,0.003896,8.440953,0.001337,0.001337,1
2.476738,0.001526,0.000002,2.476738,-0.002988,2.601618,2.814239,0.001228,0.000002,2.814239,0.10336,3.04365,7.431868,0.002851,0.002851,8.441989,0.001872,0.001872,1
2.476591,0.001207,0.000001,2.476591,-0.082949,2.943032,2.814289,0.001232,0.000002,2.814289,-0.011006,2.900663,7.432931,0.000756,0.000756,8.443052,0.003344,0.003344,1
2.47667,0.001236,0.000002,2.47667,0.094027,3.032082,2.814287,0.001091,0.000001,2.814287,0.173214,3.091818,7.431517,0.000867,0.000867,8.442467,0.000522,0.000522,1
2.476719,0.00121,0.000001,2.476719,-0.255114,2.763196,2.814289,0.001168,0.000001,2.81429,0.073762,2.881644,7.430734,0.000306,0.000306,8.443218,0.001158,0.001158,1
2.476707,0.001324,0.000002,2.476707,-0.012768,2.913951,2.814277,0.001164,0.000001,2.814277,-0.130924,2.999564,7.432333,0.003187,0.003187,8.442266,0.00183,0.00183,1
2.476702,0.001392,0.000002,2.476703,-0.304503,3.711032,2.814222,0.001269,0.000002,2.814223,-0.100589,3.047575,7.431571,0.001348,0.001348,8.439462,0.002359,0.002359,1
2.476595,0.001843,0.000003,2.476596,-0.181833,2.900897,2.814306,0.001668,0.000003,2.814307,0.057265,2.579681,7.427108,0.004052,0.004052,8.444424,0.00168,0.00168,1
2.476734,0.002638,0.000007,2.476735,-0.000632,1.994523,2.814351,0.001919,0.000004,2.814352,-0.26979,2.525932,7.429376,0.002211,0.002211,8.448953,0.001209,0.001209,1
2.476637,0.003456,0.000012,2.47664,-0.056308,1.95237,2.814311,0.002387,0.000006,2.814312,-0.151605,2.25661,7.424189,0.0071,0.0071,8.43821,0.004303,0.004303,1
2.476684,0.003608,0.000013,2.476686,0.030829,1.795722,2.814342,0.002788,0.000008,2.814343,-0.141835,2.040203,7.429442,0.005988,0.005988,8.440503,0.002622,0.002622,1
2.47672,0.003552,0.000013,2.476722,0.010426,1.922599,2.814305,0.002887,0.000008,2.814306,-0.018553,1.936382,7.428923,0.008742,0.008742,8.442595,0.004961,0.004961,1
2.476667,0.002447,0.000006,2.476668,0.232631,2.248088,2.814342,0.002202,0.000005,2.814343,-0.065563,2.25993,7.434147,0.005033,0.005033,8.444657,0.001886,0.001886,1
2.47667,0.002216,0.000005,2.476671,0.352246,2.63369,2.814171,0.001717,0.000003,2.814172,0.009563,2.476807,7.429587,0.006221,0.006221,8.439417,0.004715,0.004715,1
2.476763,0.002285,0.000005,2.476764,0.295974,2.546911,2.814265,0.001604,0.000003,2.814266,-0.118733,2.616081,7.427845,0.002562,0.002562,8.441563,0.003806,0.003806,1
2.476675,0.002267,0.000005,2.476676,0.235057,2.796204,2.814255,0.00152,0.000002,2.814255,-0.037672,2.611211,7.434125,0.005416,0.005416,8.441827,0.002435,0.002435,1
2.476654,0.002254,0.000005,2.476655,0.115582,2.481769,2.81424,0.001428,0.000002,2.81424,-0.025624,2.837643,7.431723,0.001859,0.001859,8.442761,0.000924,0.000924,1
2.476646,0.001665,0.000003,2.476647,-0.100821,2.481761,2.814224,0.001284,0.000002,2.814224,-0.120966,2.989419,7.429407,0.003348,0.003348,8.442992,0.000806,0.000806,1
2.476587,0.001599,0.000003,2.476588,-0.210662,2.701198,2.814334,0.001238,0.000002,2.814334,-0.069155,3.138075,7.432533,0.000929,0.000929,8.441479,0.001518,0.001518,1
2.476567,0.001626,0.000003,2.476568,-0.36663,3.033824,2.814264,0.001316,0.000002,2.814264,0.044832,2.821447,7.430233,0.000478,0.000478,8.444183,0.001152,0.001152,1
2.476652,0.001571,0.000002,2.476653,-0.07533,3.076625,2.814245,0.001237,0.000002,2.814245,-0.02161,3.093599,7.433525,0.002719,0.002719,8.441124,0.00133,0.00133,1
2.476693,0.001572,0.000002,2.476694,-0.137101,2.840343,2.814237,0.001312,0.000002,2.814238,-0.146263,2.788279,7.42882,0.001158,0.001158,8.445289,0.001366,0.001366,1
2.476498,0.001705,0.000003,2.476498,-0.048185,2.825966,2.814285,0.001338,0.000002,2.814286,-0.096623,2.749865,7.424135,0.001985,0.001985,8.446178,0.003683,0.003683,1
2.476561,0.001598,0.000003,2.476562,-0.123123,2.285009,2.814262,0.001183,0.000001,2.814262,-0.041941,2.799948,7.430253,0.002074,0.002074,8.444738,0.000747,0.000747,1
2.476467,0.001618,0.000003,2.476468,-0.031272,2.916608,2.814299,0.001133,0.000001,2.814299,0.046558,2.722882,7.435136,0.002389,0.002389,8.44416,0.000961,0.000961,1
2.47655,0.001598,0.000003,2.47655,-0.113391,2.57177,2.814306,0.001193,0.000001,2.814306,0.076476,3.26483,7.432887,0.001665,0.001665,8.443025,0.00253,0.00253,1
2.476618,0.001663,0.000003,2.476618,0.072598,2.743846,2.814314,0.001199,0.000001,2.814314,-0.001856,3.209562,7.425877,0.001865,0.001865,8.442796,0.003216,0.003216,1
2.476529,0.001682,0.000003,2.47653,-0.196315,2.508712,2.814252,0.001171,0.000001,2.814252,0.010688,2.996074,7.429337,0.002,0.002,8.443043,0.001222,0.001222,1
2.476743,0.001727,0.000003,2.476743,-0.254323,2.682653,2.814319,0.001164,0.000001,2.814319,-0.036309,3.001579,7.43321,0.000608,0.000608,8.442775,0.002616,0.002616,1
2.476651,0.001761,0.000003,2.476652,-0.070254,2.489655,2.814298,0.0011,0.000001,2.814298,0.199797,3.205862,7.426712,0.003901,0.003901,8.439766,0.001075,0.001075,1
2.476729,0.001769,0.000003,2.476729,-0.213929,2.470261,2.814204,0.001193,0.000001,2.814204,0.256997,3.180726,7.437473,0.000597,0.000597,8.440372,0.001838,0.001838,1
2.476702,0.001786,0.000003,2.476703,-0.198821,2.788233,2.814306,0.001215,0.000001,2.814306,0.171487,3.035813,7.427286,0.00133,0.00133,8.440985,0.001818,0.001818,1
2.476603,0.001923,0.000004,2.476603,-0.168018,2.368304,2.814293,0.001226,0.000002,2.814294,0.002473,3.339682,7.425311,0.000021,0.000021,8.445977,0.002675,0.002675,1
2.476587,0.002144,0.000005,2.476588,-0.083293,2.193139,2.814415,0.001158,0.000001,2.814416,-0.074275,2.799482,7.425841,0.001446,0.001446,8.444002,0.000559,0.000559,1
2.476606,0.002134,0.000005,2.476607,-0.078327,2.110371,2.814308,0.001203,0.000001,2.814308,-0.058004,3.02213,7.428077,0.001015,0.001015,8.438525,0.003553,0.003553,1
2.476632,0.00224,0.000005,2.476633,-0.079377,2.247546,2.814329,0.00121,0.000001,2.81433,-0.007759,2.61044,7.42674,0.002283,0.002283,8.441663,0.001316,0.001316,1
2.476679,0.002251,0.000005,2.47668,-0.073442,2.371741,2.814253,0.001212,0.000001,2.814253,-0.006731,3.175725,7.437597,0.000575,0.000575,8.441413,0.001853,0.001853,1
2.476655,0.002536,0.000006,2.476656,0.052361,2.14826,2.814289,0.001219,0.000001,2.814289,0.219267,3.325152,7.428785,0.000828,0.000828,8.442961,0.002265,0.002265,1
2.476595,0.002721,0.000007,2.476596,-0.079487,2.017052,2.814235,0.001218,0.000001,2.814235,0.060708,2.914614,7.438081,0.001584,0.001584,8.441836,0.000671,0.000671,1
2.476608,0.00289,0.000008,2.476609,0.080931,2.028333,2.814331,0.001249,0.000002,2.814331,0.268491,2.985982,7.430565,0.001812,0.001812,8.441772,0.000721,0.000721,1
2.476645,0.00286,0.000008,2.476647,-0.047242,2.056815,2.814228,0.001231,0.000002,2.814229,-0.060836,3.041447,7.428034,0.002734,0.002734,8.44151,0.001152,0.001152,1
2.476655,0.002991,0.000009,2.476657,-0.031421,1.892101,2.814312,0.001288,0.000002,2.814313,0.124225,3.122185,7.42565,0.002031,0.002031,8.444639,0.002459,0.002459,1
2.476614,0.003084,0.00001,2.476616,-0.076276,2.029546,2.814318,0.001306,0.000002,2.814318,0.107195,2.918208,7.42701,0.003201,0.003201,8.441704,0.002325,0.002325,1
2.476687,0.003349,0.000011,2.476689,-0.024859,1.869186,2.814247,0.001365,0.000002,2.814248,-0.002589,2.768484,7.442202,0.002643,0.002643,8.444596,0.003214,0.003214,1
2.476701,0.003405,0.000012,2.476703,0.032813,1.817938,2.814293,0.001482,0.000002,2.814294,-0.03257,2.854655,7.416621,0.001162,0.001162,8.444631,0.001703,0.001703,1
2.476611,0.003563,0.000013,2.476613,-0.019206,1.850282,2.81423,0.001389,0.000002,2.81423,0.116349,2.815389,7.436778,0.005006,0.005006,8.439636,0.002717,0.002717,1
2.476688,0.003641,0.000013,2.476691,0.030988,1.738285,2.814287,0.001463,0.000002,2.814288,0.003605,2.947781,7.437347,0.000802,0.000802,8.440216,0.003886,0.003886,1
2.476636,0.00378,0.000014,2.476639,0.056015,1.739071,2.814217,0.001648,0.000003,2.814217,0.004361,2.642212,7.41743,0.002332,0.002332,8.443704,0.002611,0.002611,1
2.476632,0.00397,0.000016,2.476635,-0.007424,1.759219,2.814233,0.001871,0.000004,2.814234,-0.005022,2.395347,7.418657,0.000865,0.000865,8.446512,0.001969,0.001969,1
2.476753,0.00396,0.000016,2.476756,0.074319,1.819313,2.814138,0.001928,0.000004,2.814139,0.079331,2.445924,7.436359,0.00526,0.00526,8.437935,0.004846,0.004846,1
2.476707,0.004001,0.000016,2.47671,0.049228,1.881567,2.814275,0.001833,0.000003,2.814276,-0.052821,2.454757,7.441362,0.002862,0.002862,8.443514,0.002009,0.002009,1
2.476513,0.003923,0.000015,2.476517,0.042417,1.822241,2.814296,0.002008,0.000004,2.814297,0.028719,2.286322,7.414395,0.00265,0.00265,8.442116,0.006196,0.006196,1
2.476655,0.003936,0.000015,2.476658,0.018428,1.859785,2.814252,0.001847,0.000003,2.814253,0.008892,2.472594,7.442295,0.001592,0.001592,8.440908,0.003138,0.003138,1
2.476636,0.003907,0.000015,2.476639,0.029989,1.808859,2.814272,0.00173,0.000003,2.814273,-0.017343,2.670038,7.42131,0.000544,0.000544,8.444105,0.002957,0.002957,1
2.476566,0.003914,0.000015,2.476569,0.021382,1.851216,2.814237,0.001691,0.000003,2.814237,0.023683,2.5033,7.411843,0.002042,0.002042,8.442262,0.006167,0.006167,1
2.476673,0.003828,0.000015,2.476676,-0.02521,1.823369,2.814298,0.001647,0.000003,2.814298,0.085439,2.852407,7.41347,0.003663,0.003663,8.446462,0.003068,0.003068,1
2.476632,0.003733,0.000014,2.476634,-0.003228,1.813474,2.81423,0.001591,0.000003,2.81423,0.008403,2.765158,7.414425,0.00181,0.00181,8.442549,0.00222,0.00222,1
2.47662,0.00362,0.000013,2.476622,0.049023,1.876789,2.814189,0.001444,0.000002,2.814189,-0.015341,2.87927,7.417625,0.001084,0.001084,8.444831,0.002653,0.002653,1
2.476648,0.003476,0.000012,2.47665,-0.032235,1.753232,2.814308,0.001415,0.000002,2.814308,0.148372,2.619792,7.441356,0.002851,0.002851,8.443077,0.002253,0.002253,1
2.476649,0.003511,0.000012,2.476651,0.008829,1.674845,2.814248,0.001316,0.000002,2.814249,0.013966,2.927437,7.417466,0.000692,0.000692,8.44283,0.000606,0.000606,1
2.476531,0.003435,0.000012,2.476534,0.020794,1.790322,2.814288,0.001343,0.000002,2.814288,0.135056,2.920965,7.432456,0.003889,0.003889,8.438634,0.000782,0.000782,1
2.476525,0.003368,0.000011,2.476528,-0.030095,1.730478,2.814256,0.001387,0.000002,2.814257,-0.176546,2.893043,7.439239,0.001424,0.001424,8.442123,0.004017,0.004017,1
2.476621,0.003323,0.000011,2.476623,-0.016204,1.761581,2.81435,0.001225,0.000001,2.81435,0.018009,3.017043,7.424723,0.002422,0.002422,8.447435,0.003909,0.003909,1
2.476626,0.003156,0.00001,2.476628,0.003593,1.786595,2.814283,0.001272,0.000002,2.814284,0.216912,2.945495,7.434666,0.001276,0.001276,8.445012,0.003613,0.003613,1
2.476666,0.003065,0.000009,2.476668,-0.014717,1.741434,2.814147,0.001218,0.000001,2.814147,0.037608,2.749088,7.442049,0.00057,0.00057,8.440974,0.002058,0.002058,1
2.476545,0.00311,0.00001,2.476547,0.005266,1.742587,2.814271,0.001297,0.000002,2.814271,-0.028258,2.947729,7.421017,0.001537,0.001537,8.441227,0.003348,0.003348,1
2.476568,0.003139,0.00001,2.47657,-0.054973,1.790854,2.814189,0.001296,0.000002,2.81419,0.058631,2.806055,7.42912,0.001566,0.001566,8.444928,0.001527,0.001527,1
2.476571,0.00297,0.000009,2.476573,-0.027104,1.826418,2.814266,0.001332,0.000002,2.814266,0.129106,3.021186,7.433888,0.00163,0.00163,8.442171,0.001581,0.001581,1
2.476631,0.002945,0.000009,2.476633,-0.01781,1.835185,2.814161,0.001332,0.000002,2.814162,0.186177,2.834449,7.440264,0.002133,0.002133,8.443999,0.004431,0.004431,1
2.476588,0.002891,0.000008,2.47659,-0.026631,1.918525,2.814223,0.001381,0.000002,2.814223,0.029148,2.981015,7.441274,0.001783,0.001783,8.44232,0.002589,0.002589,1
2.476589,0.002912,0.000008,2.476591,0.052542,1.919779,2.814196,0.001275,0.000002,2.814196,0.061616,3.326331,7.438676,0.001077,0.001077,8.441809,0.001481,0.001481,1
2.476648,0.002863,0.000008,2.47665,0.031841,1.868414,2.814253,0.001254,0.000002,2.814253,0.144312,2.907036,7.445211,0.000884,0.000884,8.444573,0.001597,0.001597,1
2.476556,0.002836,0.000008,2.476558,-0.020054,2.025596,2.814203,0.001267,0.000002,2.814204,0.047695,2.717503,7.43328,0.002102,0.002102,8.443822,0.001972,0.001972,1
2.476533,0.002804,0.000008,2.476535,0.072851,1.953816,2.814179,0.001305,0.000002,2.81418,0.174002,3.159818,7.422188,0.001309,0.001309,8.438127,0.003659,0.003659,1
2.476606,0.002847,0.000008,2.476608,-0.044537,1.92795,2.814173,0.001235,0.000002,2.814173,-0.099616,2.841443,7.433707,0.004406,0.004406,8.441479,0.002087,0.002087,1
2.476529,0.002732,0.000007,2.476531,0.005663,2.007042,2.814279,0.001322,0.000002,2.814279,-0.099717,3.185675,7.430337,0.001351,0.001351,8.44918,0.004078,0.004078,1
2.4766,0.002707,0.000007,2.476601,-0.044155,2.015387,2.814237,0.001238,0.000002,2.814237,-0.121715,3.545486,7.419848,0.001521,0.001521,8.442589,0.00166,0.00166,1
2.47665,0.002685,0.000007,2.476652,-0.103902,1.925737,2.814164,0.001331,0.000002,2.814164,0.048765,2.837805,7.420421,0.001077,0.001077,8.43942,0.000507,0.000507,1
2.476601,0.002633,0.000007,2.476603,0.066363,2.035154,2.814192,0.00136,0.000002,2.814193,-0.140963,3.380744,7.421798,0.001296,0.001296,8.439849,0.001933,0.001933,1
2.476567,0.002733,0.000007,2.476568,0.007644,1.952605,2.814192,0.001323,0.000002,2.814193,0.037798,2.832559,7.428458,0.001611,0.001611,8.446116,0.002467,0.002467,1
2.47662,0.002597,0.000007,2.476621,-0.041495,1.899588,2.81419,0.001341,0.000002,2.81419,-0.080171,3.016853,7.437096,0.001464,0.001464,8.43865,0.002988,0.002988,1
2.476538,0.002564,0.000007,2.47654,0.064015,2.155868,2.814244,0.001285,0.000002,2.814244,0.041199,2.723826,7.421586,0.001458,0.001458,8.444998,0.003588,0.003588,1
2.476617,0.00257,0.000007,2.476618,-0.021427,2.18097,2.814153,0.001317,0.000002,2.814153,0.141941,3.381093,7.436252,0.002429,0.002429,8.441949,0.001632,0.001632,1
2.476641,0.002591,0.000007,2.476642,-0.034551,2.096123,2.814206,0.001341,0.000002,2.814206,0.128657,3.049026,7.437301,0.002456,0.002456,8.442528,0.002202,0.002202,1
2.476616,0.00259,0.000007,2.476617,0.032725,2.097112,2.814151,0.001439,0.000002,2.814151,-0.047856,2.781745,7.437283,0.002357,0.002357,8.443277,0.000967,0.000967,1
2.47646,0.002672,0.000007,2.476461,0.005695,2.212165,2.814208,0.001394,0.000002,2.814208,-0.116591,2.695243,7.442269,0.000817,0.000817,8.444822,0.001991,0.001991,1
2.476539,0.002553,0.000007,2.476541,-0.021422,2.026399,2.814191,0.001481,0.000002,2.814191,-0.020498,2.813856,7.437232,0.002159,0.002159,8.438985,0.000615,0.000615,1
2.476567,0.002633,0.000007,2.476569,-0.03531,2.181949,2.814201,0.001512,0.000002,2.814201,0.044922,3.03979,7.424797,0.006471,0.006471,8.441179,0.001594,0.001594,1
2.476632,0.002673,0.000007,2.476633,-0.032947,2.306345,2.814182,0.001788,0.000003,2.814183,0.21483,2.592905,7.434509,0.002838,0.002838,8.446546,0.004376,0.004376,1
2.476497,0.002692,0.000007,2.476499,0.113224,2.511002,2.814149,0.001632,0.000003,2.814149,0.214266,2.741054,7.421831,0.001491,0.001491,8.442363,0.005102,0.005102,1
2.476628,0.002687,0.000007,2.476629,0.071657,2.244905,2.814108,0.001779,0.000003,2.814108,-0.077654,3.029744,7.423065,0.000718,0.000718,8.442927,0.001225,0.001225,1
2.476587,0.002644,0.000007,2.476589,-0.008933,2.407121,2.814238,0.001832,0.000003,2.814239,0.133936,2.615799,7.428259,0.004842,0.004842,8.44326,0.00055,0.00055,1
2.476469,0.002902,0.000008,2.476471,0.300557,2.471,2.814189,0.001807,0.000003,2.814189,0.302215,2.800421,7.428257,0.004798,0.004798,8.436509,0.001676,0.001676,1
2.476539,0.002772,0.000008,2.476541,0.412123,2.642532,2.814148,0.001802,0.000003,2.814149,0.132057,3.01976,7.420233,0.001547,0.001547,8.443617,0.00135,0.00135,1
2.476513,0.002737,0.000007,2.476515,0.329212,2.506004,2.814204,0.001853,0.000003,2.814205,0.03281,3.036893,7.439356,0.003183,0.003183,8.444022,0.002751,0.002751,1
2.476559,0.00265,0.000007,2.47656,0.447548,2.777601,2.814241,0.001897,0.000004,2.814242,-0.061588,2.822417,7.421153,0.000583,0.000583,8.443344,0.004958,0.004958,1
2.476541,0.002666,0.000007,2.476542,0.438838,2.567326,2.814189,0.001759,0.000003,2.81419,0.007973,2.779612,7.432205,0.000957,0.000957,8.440338,0.004242,0.004242,1
2.476507,0.002742,0.000008,2.476509,0.274066,2.530061,2.814214,0.001825,0.000003,2.814214,-0.184028,3.068172,7.435016,0.000911,0.000911,8.448607,0.004163,0.004163,1
2.476624,0.002661,0.000007,2.476625,0.218093,2.409151,2.814189,0.00191,0.000004,2.814189,-0.106259,3.043397,7.431385,0.002532,0.002532,8.442696,0.001163,0.001163,1
2.476567,0.002796,0.000008,2.476569,0.393987,2.70345,2.814192,0.001828,0.000003,2.814192,-0.058228,3.050116,7.43045,0.000606,0.000606,8.446355,0.002713,0.002713,1
2.476566,0.002875,0.000008,2.476567,0.211291,2.490526,2.814082,0.00181,0.000003,2.814082,-0.120704,3.093494,7.439314,0.005913,0.005913,8.441554,0.003772,0.003772,1
2.476469,0.002657,0.000007,2.476471,0.379598,2.704971,2.814233,0.001858,0.000003,2.814234,0.024845,2.906325,7.430847,0.005048,0.005048,8.437538,0.001809,0.001809,1
2.476496,0.002951,0.000009,2.476498,0.225479,2.465165,2.814264,0.002024,0.000004,2.814264,-0.188803,2.985605,7.426292,0.000486,0.000486,8.442974,0.001572,0.001572,1
2.476453,0.003188,0.00001,2.476455,0.192123,2.356027,2.814281,0.002259,0.000005,2.814282,0.008483,2.882805,7.43184,0.002222,0.002222,8.43772,0.003582,0.003582,1
2.476514,0.003514,0.000012,2.476517,0.189396,2.23854,2.814223,0.002385,0.000006,2.814224,0.02788,2.456152,7.433324,0.007948,0.007948,8.445441,0.003884,0.003884,1
2.476494,0.00341,0.000012,2.476496,0.179843,2.398453,2.814126,0.002254,0.000005,2.814127,0.055283,2.409109,7.435971,0.00451,0.00451,8.446194,0.003348,0.003348,1
2.476462,0.003604,0.000013,2.476465,0.196341,2.212165,2.814153,0.002423,0.000006,2.814154,0.114417,2.274483,7.423694,0.009984,0.009984,8.450417,0.002508,0.002508,1
2.476497,0.003783,0.000014,2.4765,0.173601,2.17113,2.814072,0.002445,0.000006,2.814073,0.1535,2.317957,7.422083,0.005296,0.005296,8.444656,0.001377,0.001377,1
2.476524,0.003764,0.000014,2.476526,0.116226,2.200218,2.814165,0.002362,0.000006,2.814166,0.175519,2.265727,7.438781,0.00599,0.00599,8.442387,0.004267,0.004267,1
2.476546,0.003733,0.000014,2.476548,0.145595,2.272694,2.814114,0.002318,0.000005,2.814115,0.16692,2.351897,7.443001,0.003405,0.003405,8.445208,0.006304,0.006304,1
2.476517,0.003581,0.000013,2.47652,0.087387,2.302147,2.814169,0.002254,0.000005,2.81417,0.271101,2.404924,7.426132,0.007358,0.007358,8.439625,0.001303,0.001303,1
2.476543,0.003516,0.000012,2.476546,0.080784,2.256377,2.814221,0.002299,0.000005,2.814222,0.326805,2.270536,7.430067,0.005968,0.005968,8.446197,0.004341,0.004341,1
2.476496,0.003599,0.000013,2.476498,0.010868,2.3891,2.814163,0.002273,0.000005,2.814164,0.292943,2.443105,7.439665,0.004418,0.004418,8.440885,0.001787,0.001787,1
2.476514,0.003586,0.000013,2.476517,0.055382,2.400686,2.814134,0.002262,0.000005,2.814135,0.312552,2.315336,7.421042,0.003854,0.003854,8.444024,0.004098,0.004098,1
2.47653,0.003508,0.000012,2.476532,0.043021,2.395683,2.814191,0.002301,0.000005,2.814192,0.263525,2.35788,7.436223,0.001988,0.001988,8.442526,0.006049,0.006049,1
2.476487,0.003648,0.000013,2.476489,0.047809,2.290864,2.814129,0.002215,0.000005,2.81413,0.28032,2.431899,7.42761,0.007348,0.007348,8.4385,0.001508,0.001508,1
2.476516,0.003493,0.000012,2.476519,0.047072,2.368775,2.814101,0.002174,0.000005,2.814102,0.215952,2.41103,7.422342,0.002232,0.002232,8.441747,0.001984,0.001984,1
2.476535,0.003514,0.000012,2.476538,-0.024334,2.424718,2.814165,0.002202,0.000005,2.814166,0.240532,2.34216,7.43578,0.006358,0.006358,8.44346,0.004663,0.004663,1
2.476424,0.003446,0.000012,2.476426,0.014087,2.283106,2.814156,0.002148,0.000005,2.814157,0.17601,2.394452,7.420644,0.010394,0.010394,8.440117,0.004443,0.004443,1
2.476612,0.003407,0.000012,2.476614,0.014783,2.337292,2.814111,0.002217,0.000005,2.814112,0.143863,2.335839,7.435595,0.005212,0.005212,8.448414,0.0061,0.0061,1
2.476493,0.003553,0.000013,2.476495,-0.049174,2.265616,2.814059,0.002084,0.000004,2.814059,0.177321,2.177251,7.426367,0.002919,0.002919,8.438364,0.0037,0.0037,1
2.476506,0.003436,0.000012,2.476508,-0.003216,2.329783,2.814092,0.002124,0.000005,2.814093,0.193354,2.351985,7.427106,0.002887,0.002887,8.445002,0.002258,0.002258,1
2.47649,0.003485,0.000012,2.476492,0.012005,2.451276,2.814232,0.002208,0.000005,2.814233,0.120366,2.366608,7.438088,0.006845,0.006845,8.446926,0.003172,0.003172,1
2.476502,0.003493,0.000012,2.476505,-0.041719,2.316185,2.814101,0.00221,0.000005,2.814101,0.231167,2.224551,7.41799,0.004209,0.004209,8.442162,0.005725,0.005725,1
2.476515,0.003311,0.000011,2.476517,-0.026154,2.36299,2.814177,0.0022,0.000005,2.814178,0.24445,2.29435,7.439299,0.005599,0.005599,8.444877,0.002134,0.002134,1
2.476482,0.003321,0.000011,2.476484,-0.071458,2.32503,2.81411,0.002166,0.000005,2.814111,0.199297,2.373815,7.432432,0.005317,0.005317,8.437774,0.001428,0.001428,1
2.476628,0.001054,0.000001,2.476629,0.032005,3.22433,2.814279,0.000965,0.000001,2.814279,0.071933,2.799442,7.427373,0.001888,0.001888,8.443493,0.003274,0.003274,0
2.47667,0.00106,0.000001,2.476671,-0.181325,3.038406,2.814223,0.001078,0.000001,2.814223,0.052626,2.884871,7.431469,0.000757,0.000757,8.441603,0.001346,0.001346,0
2.476584,0.001068,0.000001,2.476584,-0.100353,3.268245,2.814296,0.001099,0.000001,2.814296,-0.142293,2.792577,7.433658,0.001759,0.001759,8.442564,0.001307,0.001307,0
2.476626,0.001228,0.000002,2.476626,0.078088,2.749044,2.814257,0.001071,0.000001,2.814257,0.166789,3.139983,7.431819,0.001453,0.001453,8.444942,0.002192,0.002192,0
2.476705,0.001245,0.000002,2.476706,0.060056,2.592315,2.814201,0.001092,0.000001,2.814202,-0.142025,2.764651,7.42754,0.000561,0.000561,8.442819,0.002933,0.002933,0
2.476712,0.00135,0.000002,2.476712,0.034095,2.863495,2.814186,0.001138,0.000001,2.814186,-0.053277,2.985618,7.42978,0.00036,0.00036,8.442609,0.000963,0.000963,0
2.476735,0.00157,0.000002,2.476736,-0.010866,2.547266,2.814313,0.001205,0.000001,2.814313,-0.069499,3.186457,7.429465,0.000903,0.000903,8.441172,0.000615,0.000615,0
2.476563,0.001643,0.000003,2.476564,0.097282,2.419295,2.814259,0.001227,0.000002,2.814259,-0.119487,2.746297,7.43095,0.002506,0.002506,8.443371,0.001863,0.001863,0
2.476637,0.001773,0.000003,2.476637,0.062628,2.613891,2.814168,0.001284,0.000002,2.814169,0.01963,2.565583,7.433375,0.001535,0.001535,8.442694,0.0013,0.0013,0
2.476625,0.001826,0.000003,2.476626,0.074402,2.411878,2.814243,0.001367,0.000002,2.814243,0.137212,3.577642,7.429685,0.004785,0.004785,8.440885,0.000279,0.000279,0
2.476614,0.001898,0.000004,2.476614,0.018485,2.380329,2.814374,0.001359,0.000002,2.814374,0.314577,3.359511,7.429401,0.003428,0.003428,8.44142,0.002193,0.002193,0
2.476754,0.00214,0.000005,2.476755,0.091949,2.299777,2.814292,0.001292,0.000002,2.814292,0.228471,3.058719,7.433067,0.003363,0.003363,8.439141,0.002475,0.002475,0
2.476592,0.002232,0.000005,2.476593,0.187744,2.314948,2.81431,0.001256,0.000002,2.81431,-0.02275,2.899883,7.436826,0.001011,0.001011,8.44534,0.000795,0.000795,0
2.476695,0.002336,0.000005,2.476697,-0.038838,2.148445,2.814275,0.001263,0.000002,2.814276,-0.01941,2.914337,7.42711,0.001412,0.001412,8.442298,0.001646,0.001646,0
2.476576,0.002352,0.000006,2.476577,0.131086,2.083489,2.814275,0.001277,0.000002,2.814275,-0.100765,2.895747,7.423365,0.00089,0.00089,8.442999,0.001335,0.001335,0
2.476517,0.002383,0.000006,2.476518,0.088795,2.142865,2.814313,0.001311,0.000002,2.814313,-0.012831,3.117576,7.44032,0.001933,0.001933,8.442216,0.002138,0.002138,0
2.476694,0.002786,0.000008,2.476695,0.076787,1.971153,2.814341,0.00133,0.000002,2.814341,0.105063,3.107644,7.436858,0.001879,0.001879,8.440811,0.002554,0.002554,0
2.476686,0.003064,0.000009,2.476688,0.044028,1.808713,2.814297,0.001424,0.000002,2.814297,-0.032486,2.764827,7.44048,0.000155,0.000155,8.439408,0.001017,0.001017,0
2.476505,0.003228,0.00001,2.476507,0.104374,1.749394,2.8143,0.00127,0.000002,2.814301,-0.172022,3.332334,7.420652,0.002076,0.002076,8.445527,0.001873,0.001873,0
2.476701,0.003303,0.000011,2.476703,0.01721,1.84239,2.814382,0.001315,0.000002,2.814382,-0.023835,2.618231,7.437035,0.002662,0.002662,8.442356,0.001911,0.001911,0
2.476576,0.003397,0.000012,2.476578,0.111927,1.853681,2.814214,0.001275,0.000002,2.814214,0.125568,2.92196,7.422606,0.000746,0.000746,8.441917,0.000422,0.000422,0
2.476607,0.003702,0.000014,2.476609,0.055609,1.753802,2.81421,0.001219,0.000001,2.814211,0.096353,2.561363,7.438328,0.0019,0.0019,8.443176,0.002383,0.002383,0
2.476635,0.00381,0.000015,2.476638,0.044982,1.758766,2.814219,0.001287,0.000002,2.814219,0.024618,2.783941,7.436012,0.00329,0.00329,8.441615,0.003266,0.003266,0
2.476691,0.004061,0.000016,2.476694,0.019404,1.751823,2.814247,0.001359,0.000002,2.814248,0.132011,2.631891,7.441415,0.00214,0.00214,8.440661,0.000929,0.000929,0
2.476634,0.004099,0.000017,2.476638,0.080279,1.723259,2.814208,0.001434,0.000002,2.814209,-0.021783,2.979501,7.438685,0.00122,0.00122,8.442887,0.001624,0.001624,0
2.47647,0.004284,0.000018,2.476473,0.049148,1.679958,2.814287,0.001483,0.000002,2.814287,0.045474,2.639017,7.415338,0.00268,0.00268,8.444399,0.001548,0.001548,0
2.476746,0.004848,0.000024,2.476751,-0.008017,1.732169,2.814313,0.001656,0.000003,2.814313,-0.034417,2.472227,7.428526,0.002115,0.002115,8.439116,0.002575,0.002575,0
2.476663,0.005509,0.00003,2.476669,0.057389,1.70773,2.814297,0.001821,0.000003,2.814297,0.033839,2.588597,7.408704,0.002623,0.002623,8.444156,0.000991,0.000991,0
2.476647,0.005815,0.000034,2.476654,0.036121,1.661413,2.814319,0.001951,0.000004,2.81432,-0.101159,2.312965,7.42119,0.00375,0.00375,8.449615,0.000901,0.000901,0
2.476696,0.006034,0.000036,2.476703,0.013028,1.665287,2.814216,0.002073,0.000004,2.814217,-0.01923,2.39203,7.428697,0.004387,0.004387,8.447768,0.002127,0.002127,0
2.476616,0.006241,0.000039,2.476624,0.031508,1.674097,2.814291,0.002179,0.000005,2.814292,0.082232,2.206719,7.424816,0.003289,0.003289,8.450604,0.002141,0.002141,0
2.476374,0.007276,0.000053,2.476385,0.07686,1.634842,2.814375,0.002373,0.000006,2.814376,-0.037442,2.263879,7.411659,0.002078,0.002078,8.451281,0.002757,0.002757,0
2.476757,0.007867,0.000062,2.47677,0.019461,1.616091,2.814166,0.002143,0.000005,2.814166,0.037891,2.292045,7.436792,0.005668,0.005668,8.43544,0.00177,0.00177,0
2.476631,0.00801,0.000064,2.476644,0.037384,1.577407,2.814297,0.001764,0.000003,2.814297,-0.123106,2.74075,7.400323,0.002167,0.002167,8.446373,0.003275,0.003275,0
2.47645,0.00795,0.000063,2.476463,0.060974,1.628911,2.814305,0.001584,0.000003,2.814306,-0.083997,2.966753,7.449328,0.003425,0.003425,8.440972,0.001045,0.001045,0
2.476582,0.008352,0.00007,2.476596,0.080359,1.601936,2.814336,0.001546,0.000002,2.814337,-0.072686,3.003933,7.46077,0.003841,0.003841,8.437512,0.00025,0.00025,0
2.476726,0.009403,0.000088,2.476744,0.032991,1.589369,2.814295,0.001663,0.000003,2.814295,0.067762,2.487166,7.444564,0.007886,0.007886,8.441146,0.001156,0.001156,0
2.476859,0.010325,0.000107,2.476881,0.015064,1.591487,2.814323,0.001896,0.000004,2.814323,0.096382,2.481362,7.472988,0.003501,0.003501,8.445669,0.004886,0.004886,0
2.476371,0.010868,0.000118,2.476395,0.085655,1.57912,2.814303,0.002047,0.000004,2.814303,0.090056,2.535563,7.399822,0.003981,0.003981,8.446107,0.002912,0.002912,0
2.476928,0.011197,0.000125,2.476953,-0.018887,1.580853,2.814227,0.002113,0.000004,2.814228,0.07708,2.31374,7.46258,0.005419,0.005419,8.436603,0.001936,0.001936,0
2.476467,0.011595,0.000134,2.476494,0.060964,1.560312,2.814223,0.002141,0.000005,2.814224,0.083162,2.30802,7.391833,0.004869,0.004869,8.445607,0.000976,0.000976,0
2.476484,0.013331,0.000178,2.476519,0.045415,1.549514,2.814288,0.002424,0.000006,2.814289,-0.014508,1.912997,7.481136,0.001574,0.001574,8.440514,0.000946,0.000946,0
2.476694,0.014738,0.000217,2.476737,0.01218,1.539615,2.81427,0.002643,0.000007,2.814271,-0.036163,1.9422,7.489829,0.002217,0.002217,8.436367,0.002061,0.002061,0
2.476825,0.015603,0.000243,2.476874,0.017326,1.528021,2.814284,0.002771,0.000008,2.814285,0.007722,2.186786,7.486853,0.0022,0.0022,8.444634,0.003561,0.003561,0
2.476423,0.016261,0.000264,2.476476,0.056815,1.527428,2.814426,0.002841,0.000008,2.814427,-0.051469,2.340755,7.413575,0.007501,0.007501,8.453983,0.003521,0.003521,0
2.476481,0.016865,0.000284,2.476538,0.029853,1.533314,2.81423,0.002966,0.000009,2.814232,0.019695,2.455211,7.367703,0.002291,0.002291,8.442462,0.001943,0.001943,0
2.476761,0.019685,0.000387,2.476839,0.018365,1.564925,2.814393,0.003617,0.000013,2.814396,0.200865,2.627772,7.494444,0.00583,0.00583,8.434669,0.006608,0.006608,0
2.476805,0.022055,0.000486,2.476903,0.029703,1.587207,2.814271,0.004791,0.000023,2.814275,0.114775,2.710481,7.355532,0.004123,0.004123,8.438666,0.003367,0.003367,0
2.476703,0.023533,0.000554,2.476814,0.046996,1.569556,2.814201,0.005235,0.000027,2.814206,0.154597,2.590938,7.348006,0.001959,0.001959,8.451678,0.003855,0.003855,0
2.47656,0.024376,0.000594,2.47668,0.056923,1.570343,2.814336,0.00547,0.00003,2.814341,0.215556,2.463772,7.362899,0.013445,0.013445,8.457096,0.00968,0.00968,0
2.476527,0.025285,0.000639,2.476656,0.073347,1.57682,2.814315,0.005446,0.00003,2.81432,0.265957,2.425572,7.354739,0.013856,0.013856,8.456457,0.008871,0.008871,0
2.475973,0.02976,0.000886,2.476152,0.095492,1.558512,2.814261,0.00547,0.00003,2.814266,0.277315,2.085006,7.325835,0.001589,0.001589,8.456368,0.004271,0.004271,0
2.477376,0.033785,0.001141,2.477606,0.02709,1.533152,2.814321,0.0054,0.000029,2.814326,0.386773,2.483862,7.487878,0.013706,0.013706,8.428935,0.002879,0.002879,0
2.476224,0.036605,0.00134,2.476494,0.074762,1.518591,2.814356,0.005086,0.000026,2.81436,0.439246,2.725698,7.316749,0.010037,0.010037,8.457004,0.002963,0.002963,0
2.476083,0.037854,0.001433,2.476372,0.081407,1.530783,2.814464,0.004999,0.000025,2.814468,0.568529,2.911186,7.583722,0.011354,0.011354,8.423656,0.002188,0.002188,0
2.476992,0.03932,0.001546,2.477303,0.045343,1.52567,2.814249,0.004997,0.000025,2.814253,0.654764,2.875174,7.469455,0.02213,0.02213,8.43094,0.003315,0.003315,0
2.476352,0.044685,0.001997,2.476755,0.068356,1.518349,2.814282,0.005491,0.00003,2.814288,0.851069,3.048226,7.278234,0.015792,0.015792,8.433384,0.001907,0.001907,0
2.476542,0.04705,0.002214,2.476988,0.062702,1.520471,2.814227,0.006003,0.000036,2.814233,0.854188,2.712813,7.319093,0.015654,0.015654,8.428995,0.001239,0.001239,0
2.477667,0.047931,0.002297,2.47813,0.021786,1.503311,2.8143,0.006052,0.000037,2.814307,0.739209,2.441158,7.608733,0.013269,0.013269,8.446127,0.004282,0.004282,0
2.475422,0.048342,0.002337,2.475893,0.089197,1.5128,2.814301,0.006016,0.000036,2.814307,0.701223,2.389642,7.341461,0.02619,0.02619,8.473777,0.001395,0.001395,0
2.477791,0.048835,0.002385,2.478272,0.006665,1.511119,2.814221,0.005833,0.000034,2.814227,0.621936,2.431883,7.448557,0.025898,0.025898,8.427831,0.008112,0.008112,0
2.476141,0.050562,0.002557,2.476656,0.058398,1.516484,2.814308,0.0047,0.000022,2.814312,0.315868,2.684535,7.389756,0.024193,0.024193,8.469139,0.002726,0.002726,0
2.476623,0.050777,0.002578,2.477143,0.044123,1.506496,2.814326,0.004112,0.000017,2.814329,0.721561,2.600093,7.612732,0.014556,0.014556,8.434818,0.000138,0.000138,0
2.47695,0.050929,0.002594,2.477472,0.027853,1.500714,2.814304,0.004254,0.000018,2.814308,0.826784,2.758567,7.602171,0.019687,0.019687,8.436472,0.002742,0.002742,0
2.476599,0.051107,0.002612,2.477125,0.044819,1.517522,2.814316,0.004208,0.000018,2.814319,0.799029,2.689377,7.470338,0.029279,0.029279,8.456638,0.003381,0.003381,0
2.475836,0.05181,0.002684,2.476377,0.067305,1.500776,2.814152,0.004243,0.000018,2.814155,0.745452,2.754047,7.268999,0.016443,0.016443,8.454773,0.002667,0.002667,0
2.477278,0.053897,0.002905,2.477863,0.027993,1.502737,2.81432,0.0043,0.000018,2.814323,0.555644,3.06335,7.28378,0.024587,0.024587,8.444592,0.000394,0.000394,0
2.475531,0.054532,0.002974,2.476131,0.070002,1.51994,2.81446,0.004177,0.000017,2.814464,0.44021,3.052546,7.523852,0.030648,0.030648,8.448046,0.006033,0.006033,0
2.476541,0.055202,0.003047,2.477154,0.051858,1.495474,2.814195,0.004307,0.000019,2.814198,0.330243,3.038181,7.631824,0.015776,0.015776,8.435102,0.004041,0.004041,0
2.476753,0.055014,0.003027,2.477363,0.035563,1.501986,2.814288,0.004299,0.000018,2.814291,0.224495,2.902603,7.458428,0.031995,0.031995,8.449225,0.000106,0.000106,0
2.476568,0.055051,0.003031,2.477179,0.046567,1.503238,2.81422,0.004386,0.000019,2.814224,0.201272,2.816185,7.338133,0.032878,0.032878,8.448087,0.002346,0.002346,0
2.476648,0.054887,0.003013,2.477255,0.044699,1.511011,2.814398,0.004613,0.000021,2.814402,0.002942,1.986412,7.332813,0.03194,0.03194,8.448607,0.002636,0.002636,0
2.47712,0.05496,0.003021,2.477729,0.034928,1.5009,2.814341,0.004972,0.000025,2.814346,0.044549,1.788772,7.657792,0.005024,0.005024,8.429325,0.006078,0.006078,0
2.476295,0.054926,0.003017,2.476902,0.050489,1.501161,2.814282,0.005183,0.000027,2.814287,0.069118,1.73969,7.208633,0.0037,0.0037,8.424752,0.002272,0.002272,0
2.475909,0.054611,0.002982,2.47651,0.062846,1.500468,2.814302,0.005198,0.000027,2.814307,0.031244,1.77965,7.621864,0.01855,0.01855,8.429965,0.003028,0.003028,0
2.477321,0.054423,0.002962,2.477918,0.025315,1.508312,2.814294,0.005485,0.00003,2.814299,0.016528,1.846936,7.420556,0.030925,0.030925,8.456519,0.003917,0.003917,0
2.47636,0.054289,0.002947,2.476953,0.048034,1.503815,2.814322,0.005985,0.000036,2.814329,0.096219,1.679039,7.20882,0.006839,0.006839,8.421257,0.002358,0.002358,0
2.475918,0.053833,0.002898,2.476502,0.062841,1.506946,2.814222,0.006492,0.000042,2.81423,0.201256,1.730927,7.212677,0.009468,0.009468,8.422,0.003522,0.003522,0
2.477182,0.05352,0.002864,2.477759,0.023182,1.516011,2.814395,0.006653,0.000044,2.814403,0.188855,1.702845,7.431897,0.034506,0.034506,8.458999,0.009066,0.009066,0
2.476597,0.053369,0.002848,2.477171,0.039695,1.516922,2.81435,0.006772,0.000046,2.814358,0.157284,1.790643,7.608676,0.02346,0.02346,8.418726,0.004322,0.004322,0
2.475923,0.053496,0.002862,2.4765,0.054292,1.516589,2.814339,0.006952,0.000048,2.814347,0.160921,1.859009,7.210416,0.006913,0.006913,8.427394,0.006025,0.006025,0
2.476363,0.05412,0.002929,2.476953,0.044346,1.516878,2.814199,0.007419,0.000055,2.814209,0.139068,2.123646,7.656887,0.002467,0.002467,8.439788,0.011568,0.011568,0
2.476545,0.054103,0.002927,2.477135,0.027521,1.519512,2.814357,0.007301,0.000053,2.814366,0.063125,2.256959,7.432522,0.035552,0.035552,8.452419,0.012402,0.012402,0
2.476443,0.053729,0.002887,2.477024,0.034358,1.526921,2.814217,0.007123,0.000051,2.814226,0.085888,2.35244,7.404643,0.035293,0.035293,8.444786,0.008408,0.008408,0
2.47685,0.053609,0.002874,2.477429,0.017732,1.524481,2.814335,0.00688,0.000047,2.814343,-0.021329,2.345754,7.524533,0.033058,0.033058,8.47139,0.004219,0.004219,0
2.477211,0.053837,0.002898,2.477795,0.010612,1.516875,2.814247,0.006968,0.000049,2.814256,-0.124037,2.372547,7.654454,0.006113,0.006113,8.456815,0.009,0.009,0
2.475825,0.053489,0.002861,2.476402,0.034079,1.524453,2.814256,0.006566,0.000043,2.814264,-0.055597,2.405671,7.518939,0.032164,0.032164,8.414193,0.004154,0.004154,0
2.477346,0.05304,0.002813,2.477912,-0.00686,1.52779,2.814303,0.006327,0.00004,2.81431,-0.051661,2.286263,7.331299,0.031708,0.031708,8.442155,0.003273,0.003273,0
2.476309,0.053281,0.002839,2.476881,0.021732,1.520715,2.814404,0.006346,0.00004,2.814411,-0.082264,2.386464,7.271518,0.026979,0.026979,8.437089,0.008162,0.008162,0
2.476188,0.052782,0.002786,2.476749,0.026772,1.533118,2.814334,0.006274,0.000039,2.814341,0.051925,2.399207,7.509701,0.031506,0.031506,8.416254,0.002431,0.002431,0
2.476266,0.052749,0.002782,2.476827,0.017823,1.529796,2.814234,0.006355,0.00004,2.814241,0.04809,2.366373,7.632384,0.020118,0.020118,8.435821,0.016452,0.016452,0
2.477238,0.05264,0.002771,2.477796,0.002225,1.52592,2.814189,0.006435,0.000041,2.814196,0.203809,2.330783,7.645336,0.007893,0.007893,8.459592,0.009207,0.009207,0
2.47613,0.052057,0.00271,2.476676,0.025361,1.53729,2.81416,0.006776,0.000046,2.814168,0.274279,2.105443,7.508813,0.034432,0.034432,8.417885,0.003186,0.003186,0
2.476969,0.051937,0.002697,2.477512,0.003446,1.540433,2.814349,0.006867,0.000047,2.814357,0.226597,1.927724,7.274788,0.025847,0.025847,8.446513,0.002021,0.002021,0
2.475834,0.051785,0.002682,2.476374,0.033497,1.540156,2.814109,0.006976,0.000049,2.814118,0.274842,1.961269,7.537664,0.032829,0.032829,8.415508,0.001624,0.001624,0
2.477473,0.0516,0.002663,2.478009,-0.009652,1.539268,2.814275,0.007306,0.000053,2.814284,0.275387,1.974553,7.433201,0.036259,0.036259,8.467417,0.005287,0.005287,0
2.476625,0.051387,0.002641,2.477157,0.01119,1.531696,2.814257,0.007809,0.000061,2.814268,0.373054,1.899579,7.240454,0.018889,0.018889,8.423766,0.003544,0.003544,0
2.476203,0.051297,0.002631,2.476734,0.031031,1.524258,2.814263,0.008483,0.000072,2.814276,0.404438,1.870529,7.262949,0.025773,0.025773,8.419724,0.001656,0.001656,0
2.475973,0.051077,0.002609,2.476499,0.033037,1.530121,2.814351,0.008733,0.000076,2.814365,0.433141,1.901436,7.237593,0.009318,0.009318,8.434752,0.002827,0.002827,0
2.477377,0.05112,0.002613,2.477903,-0.000752,1.523058,2.814313,0.008858,0.000078,2.814327,0.423544,1.891112,7.5247,0.032236,0.032236,8.484788,0.000353,0.000353,0
2.476311,0.050908,0.002592,2.476833,0.026667,1.53634,2.814207,0.009176,0.000084,2.814221,0.534415,1.99415,7.538163,0.030181,0.030181,8.413538,0.003934,0.003934,0
2.477076,0.050897,0.002591,2.477598,0.007756,1.520916,2.814364,0.010079,0.000102,2.814382,0.57635,2.030393,7.24519,0.014513,0.014513,8.439165,0.003328,0.003328,0
2.476295,0.050803,0.002581,2.476815,0.030972,1.537389,2.814338,0.010886,0.000119,2.814359,0.507037,1.989197,7.411287,0.035992,0.035992,8.420836,0.006389,0.006389,0
2.476532,0.050737,0.002574,2.47705,0.024643,1.536293,2.81423,0.011357,0.000129,2.814253,0.553143,2.077997,7.547692,0.03321,0.03321,8.404143,0.001096,0.001096,0
2.476645,0.050838,0.002584,2.477166,0.021036,1.536444,2.814246,0.011542,0.000133,2.81427,0.489997,1.994623,7.558834,0.030733,0.030733,8.400288,0.00326,0.00326,0
2.476707,0.050671,0.002568,2.477224,0.01926,1.540462,2.814261,0.011758,0.000138,2.814285,0.487432,2.012074,7.516501,0.03217,0.03217,8.400658,0.002393,0.002393,0
2.475764,0.050674,0.002568,2.476282,0.049037,1.538951,2.814267,0.012345,0.000152,2.814294,0.370611,1.994066,7.389048,0.033608,0.033608,8.411901,0.008367,0.008367,0
2.47727,0.05062,0.002562,2.477786,0.00549,1.542655,2.81438,0.01279,0.000164,2.814409,0.259626,1.870603,7.356888,0.03255,0.03255,8.458252,0.006427,0.006427,0
2.47593,0.050436,0.002544,2.476442,0.04644,1.556266,2.814201,0.0129,0.000166,2.814231,0.230836,1.772025,7.369128,0.036435,0.036435,8.398969,0.006228,0.006228,0
2.476435,0.050774,0.002578,2.476955,0.032442,1.542312,2.814169,0.013039,0.00017,2.8142,0.213328,1.788953,7.642704,0.007403,0.007403,8.475929,0.016486,0.016486,0
2.477004,0.05048,0.002548,2.477518,0.017811,1.545303,2.814173,0.013252,0.000176,2.814204,0.212837,1.733131,7.420563,0.039302,0.039302,8.475503,0.005059,0.005059,0
2.476299,0.050665,0.002567,2.476816,0.038063,1.55093,2.814277,0.01398,0.000195,2.814312,0.137703,1.620797,7.25034,0.018235,0.018235,8.444408,0.00681,0.00681,0
2.476757,0.050482,0.002548,2.47727,0.026629,1.561499,2.814462,0.014521,0.000211,2.8145,0.094579,1.543113,7.363972,0.033592,0.033592,8.473078,0.005808,0.005808,0
2.477168,0.050506,0.002551,2.477682,0.018034,1.563557,2.814161,0.014894,0.000222,2.814201,0.099398,1.532447,7.640786,0.008777,0.008777,8.472904,0.015371,0.015371,0
2.475776,0.050513,0.002552,2.47629,0.054618,1.570048,2.814367,0.014939,0.000223,2.814407,0.077115,1.505772,7.240131,0.021549,0.021549,8.402682,0.005723,0.005723,0
2.477346,0.050562,0.002557,2.477861,0.012658,1.567054,2.814178,0.015323,0.000235,2.81422,0.066839,1.49297,7.599242,0.027065,0.027065,8.504469,0.00588,0.00588,0
2.476606,0.050721,0.002573,2.477124,0.029734,1.571906,2.814387,0.016159,0.000261,2.814433,0.033146,1.462276,7.233808,0.019522,0.019522,8.400185,0.008452,0.008452,0
2.476558,0.050583,0.002559,2.477074,0.030257,1.585104,2.814356,0.016906,0.000286,2.814407,0.025404,1.45457,7.440807,0.032178,0.032178,8.379525,0.00351,0.00351,0
2.476605,0.050488,0.002549,2.477119,0.031851,1.589556,2.814207,0.017298,0.000299,2.81426,0.037143,1.43092,7.43208,0.032634,0.032634,8.376975,0.001438,0.001438,0
2.476348,0.050443,0.002545,2.47686,0.040869,1.586186,2.814157,0.01756,0.000308,2.814211,0.031735,1.416117,7.30012,0.034378,0.034378,8.383953,0.004301,0.004301,0
2.476011,0.050726,0.002573,2.476529,0.046039,1.582048,2.814304,0.017773,0.000316,2.81436,0.028594,1.457881,7.224153,0.012148,0.012148,8.423255,0.015512,0.015512,0
2.477363,0.050632,0.002564,2.477879,0.009698,1.594564,2.814531,0.019087,0.000364,2.814595,-0.01521,1.433116,7.433053,0.039203,0.039203,8.502324,0.009922,0.009922,0
2.475883,0.050521,0.002552,2.476397,0.051481,1.602729,2.814275,0.019994,0.0004,2.814346,0.018392,1.426983,7.391924,0.036331,0.036331,8.370507,0.004892,0.004892,0
2.476361,0.050953,0.002596,2.476884,0.041242,1.592323,2.814036,0.020462,0.000419,2.814111,0.023316,1.433234,7.645573,0.005589,0.005589,8.494731,0.015576,0.015576,0
2.47671,0.050895,0.00259,2.477232,0.028282,1.596637,2.814246,0.020848,0.000435,2.814323,0.016504,1.42397,7.496389,0.039497,0.039497,8.517811,0.003621,0.003621,0
2.476722,0.050814,0.002582,2.477243,0.028874,1.606199,2.814295,0.021312,0.000454,2.814376,0.003274,1.43068,7.343316,0.038704,0.038704,8.483088,0.016584,0.016584,0
2.476203,0.05118,0.002619,2.476731,0.046078,1.600198,2.814403,0.022647,0.000513,2.814494,0.021274,1.453663,7.276745,0.029898,0.029898,8.463902,0.014877,0.014877,0
2.477438,0.051501,0.002652,2.477972,0.013458,1.601218,2.814582,0.023749,0.000564,2.814682,0.030982,1.425941,7.53667,0.03902,0.03902,8.534509,0.002609,0.002609,0
2.475814,0.051384,0.00264,2.476347,0.05469,1.604732,2.813988,0.02419,0.000585,2.814091,0.079338,1.433496,7.42345,0.039821,0.039821,8.36041,0.008353,0.008353,0
2.477375,0.05146,0.002648,2.477909,0.010681,1.626056,2.81454,0.024621,0.000606,2.814648,0.032708,1.408454,7.430712,0.04026,0.04026,8.524827,0.006023,0.006023,0
2.47596,0.051503,0.002653,2.476495,0.054075,1.639092,2.81408,0.025027,0.000626,2.814191,0.043023,1.402572,7.346049,0.040898,0.040898,8.351617,0.004424,0.004424,0
2.476515,0.051712,0.002674,2.477054,0.038757,1.64493,2.81424,0.026825,0.00072,2.814368,0.044694,1.393476,7.641125,0.013892,0.013892,8.531059,0.015545,0.015545,0
2.476614,0.05181,0.002684,2.477155,0.028949,1.67349,2.814353,0.028111,0.00079,2.814493,0.016828,1.376908,7.578358,0.034063,0.034063,8.544954,0.001716,0.001716,0
2.477081,0.052052,0.002709,2.477627,0.022105,1.67255,2.814401,0.028853,0.000832,2.814549,-0.004945,1.383701,7.648587,0.010184,0.010184,8.523965,0.014315,0.014315,0
2.476699,0.051786,0.002682,2.477239,0.024251,1.685699,2.814008,0.029278,0.000857,2.81416,0.021417,1.39371,7.511845,0.042999,0.042999,8.363952,0.023306,0.023306,0
2.475908,0.052027,0.002707,2.476454,0.04241,1.684587,2.814034,0.029597,0.000876,2.81419,0.011673,1.393945,7.258138,0.044787,0.044787,8.354013,0.004596,0.004596,0
2.47718,0.052278,0.002733,2.47773,0.010858,1.696615,2.814721,0.031738,0.001007,2.814899,-0.074444,1.440647,7.367913,0.035249,0.035249,8.514905,0.028482,0.028482,0
2.476004,0.052178,0.002722,2.476552,0.038561,1.677725,2.814084,0.033232,0.001104,2.81428,-0.097681,1.515521,7.399737,0.032173,0.032173,8.313948,0.014689,0.014689,0
2.476242,0.052336,0.002739,2.476794,0.039152,1.640116,2.814112,0.03378,0.001141,2.814314,-0.104686,1.580943,7.642368,0.004286,0.004286,8.525731,0.014818,0.014818,0
2.476548,0.052344,0.00274,2.4771,0.037321,1.61009,2.81413,0.034188,0.001169,2.814337,-0.12028,1.603385,7.561264,0.042247,0.042247,8.570458,0.010165,0.010165,0
2.476512,0.052803,0.002788,2.477074,0.042336,1.596734,2.814333,0.034454,0.001187,2.814543,-0.115896,1.624742,7.447032,0.03819,0.03819,8.566502,0.021254,0.021254,0
2.47657,0.052851,0.002793,2.477133,0.085229,1.534434,2.814607,0.03616,0.001308,2.814839,-0.071241,1.655382,7.403093,0.038362,0.038362,8.541788,0.028618,0.028618,0
2.47708,0.053357,0.002847,2.477654,0.093493,1.527271,2.814337,0.037363,0.001396,2.814585,0.004257,1.616777,7.654127,0.008727,0.008727,8.540407,0.028613,0.028613,0
2.475955,0.053591,0.002872,2.476534,0.130657,1.545666,2.814275,0.038214,0.00146,2.814534,0.032026,1.59605,7.254197,0.01442,0.01442,8.300028,0.019714,0.019714,0
2.47685,0.053858,0.002901,2.477435,0.100199,1.532667,2.814202,0.038701,0.001498,2.814468,0.047629,1.599665,7.648601,0.021942,0.021942,8.568895,0.025373,0.025373,0
2.476609,0.054058,0.002922,2.477198,0.113552,1.536186,2.814704,0.039186,0.001536,2.814976,0.034079,1.591102,7.221527,0.003033,0.003033,8.373324,0.029184,0.029184,0
2.476316,0.054576,0.002979,2.476916,0.130839,1.543291,2.814215,0.041903,0.001756,2.814526,0.102794,1.579649,7.527589,0.045387,0.045387,8.375277,0.030722,0.030722,0
2.476765,0.055049,0.00303,2.477375,0.125273,1.539923,2.81442,0.044003,0.001936,2.814763,0.120322,1.568785,7.62882,0.033208,0.033208,8.4684,0.039352,0.039352,0
2.476619,0.054918,0.003016,2.477227,0.134214,1.543737,2.814237,0.045208,0.002044,2.8146,0.1366,1.580481,7.510044,0.048717,0.048717,8.357353,0.035227,0.035227,0
2.476078,0.05509,0.003035,2.476689,0.155438,1.542129,2.813817,0.04612,0.002127,2.814194,0.140181,1.56768,7.261638,0.024319,0.024319,8.268459,0.011588,0.011588,0
2.476334,0.054954,0.00302,2.476943,0.145696,1.549556,2.814595,0.046454,0.002158,2.814978,0.11113,1.569448,7.2943,0.042326,0.042326,8.483504,0.03805,0.03805,0
2.477188,0.055134,0.00304,2.477801,0.128788,1.53672,2.814319,0.048784,0.00238,2.814741,0.132651,1.566655,7.653409,0.023775,0.023775,8.611731,0.03384,0.03384,0
2.476185,0.05533,0.003061,2.476802,0.157582,1.549208,2.814483,0.050592,0.00256,2.814937,0.125515,1.554856,7.23345,0.009862,0.009862,8.273736,0.024046,0.024046,0
2.47632,0.055413,0.003071,2.476939,0.156049,1.553455,2.813698,0.051419,0.002644,2.814167,0.148326,1.558487,7.64566,0.030538,0.030538,8.499377,0.048573,0.048573,0
2.477073,0.055347,0.003063,2.47769,0.141658,1.560185,2.814596,0.052052,0.002709,2.815076,0.124152,1.552807,7.41186,0.045859,0.045859,8.585577,0.039205,0.039205,0
2.47644,0.055543,0.003085,2.477062,0.154884,1.549119,2.814733,0.052333,0.002739,2.815219,0.118682,1.556638,7.221891,0.006694,0.006694,8.282876,0.025439,0.025439,0
2.47598,0.055255,0.003053,2.476595,0.173507,1.572261,2.813882,0.0524,0.002746,2.814369,0.142753,1.556132,7.488758,0.050684,0.050684,8.325167,0.034077,0.034077,0
2.476615,0.05545,0.003075,2.477234,0.151848,1.555694,2.813891,0.052515,0.002758,2.81438,0.142524,1.552388,7.650894,0.024857,0.024857,8.636336,0.033989,0.033989,0
2.477042,0.05531,0.003059,2.477658,0.148724,1.57091,2.814692,0.052518,0.002758,2.815181,0.121105,1.543017,7.349233,0.043266,0.043266,8.538369,0.0438,0.0438,0
2.476559,0.055587,0.00309,2.477182,0.163983,1.567054,2.814543,0.052797,0.002788,2.815037,0.118554,1.548812,7.223874,0.009424,0.009424,8.269556,0.024916,0.024916,0
2.475929,0.055448,0.003075,2.476549,0.172747,1.576267,2.814036,0.05302,0.002811,2.814535,0.136044,1.555113,7.47597,0.052025,0.052025,8.312027,0.031276,0.031276,0
2.4766,0.05565,0.003097,2.477224,0.163673,1.556896,2.813834,0.053024,0.002812,2.814333,0.141632,1.564535,7.666461,0.014137,0.014137,8.61064,0.043802,0.043802,0
2.476937,0.055395,0.003069,2.477555,0.150929,1.566613,2.8145,0.053211,0.002831,2.815002,0.122342,1.548345,7.41127,0.042343,0.042343,8.590532,0.03641,0.03641,0
2.476776,0.055816,0.003115,2.477403,0.15517,1.560787,2.814797,0.05307,0.002816,2.815297,0.115621,1.560749,7.220893,0.007805,0.007805,8.329935,0.038625,0.038625,0
2.476042,0.055463,0.003076,2.476662,0.174747,1.575466,2.814321,0.053481,0.00286,2.814828,0.126185,1.543717,7.340314,0.052399,0.052399,8.248915,0.01317,0.01317,0
2.476147,0.055471,0.003077,2.476767,0.175302,1.577663,2.813837,0.053124,0.002822,2.814337,0.141484,1.559596,7.618781,0.038648,0.038648,8.454143,0.055074,0.055074,0
2.476771,0.055515,0.003082,2.477392,0.15653,1.567481,2.814147,0.05345,0.002857,2.814654,0.133997,1.544261,7.580035,0.050187,0.050187,8.664646,0.009664,0.009664,0
2.476922,0.055518,0.003082,2.477542,0.153345,1.56945,2.814676,0.053453,0.002857,2.815183,0.115311,1.552439,7.321519,0.040046,0.040046,8.505081,0.047324,0.047324,0
2.476524,0.055636,0.003095,2.477148,0.16153,1.563648,2.814711,0.053348,0.002846,2.815216,0.120453,1.553638,7.226171,0.006226,0.006226,8.275581,0.029924,0.029924,0
2.476099,0.055294,0.003057,2.476715,0.175187,1.576756,2.814144,0.053599,0.002873,2.814653,0.130032,1.546173,7.405721,0.056414,0.056414,8.273985,0.027322,0.027322,0
